user_id,user_nm,country,ct
1,nellsie,Ireland,140134
2,KurtFreund,Ireland,130094
3,TheWyzerd,Ireland,57581
4,freddystudart,,33
5,AliceXius,Ireland,3611
6,GaveUp,Romania,45425
7,andreaPi,Italy,5772
8,hugogeerts,Netherlands,1636
9,up71,Netherlands,125171
10,gunowakonski,Brazil,137289
11,djranimal,United States,46023
12,sleepy_surf,Russian Federation,17004
13,chrisflew,United Kingdom,68591
14,lordgoat,Ireland,50514
15,othal,Russian Federation,275946
16,Terrasidius,United Kingdom,46763
17,kristofer_force,Sweden,271
18,titel,Sweden,44163
19,attackerad,Sweden,38087
20,zweibeiner,Sweden,58004
21,magmunnen,Sweden,127623
22,alltidhemma,Sweden,100896
23,Maxkonstar,United Kingdom,1530
24,happypandas,Sweden,113417
25,disclose,Sweden,72651
26,Hassanbot,Sweden,19046
27,chowburger,Ireland,55345
28,DagsJT,United Kingdom,9370
29,jessemon111,United States,41102
30,Roxxia117,United States,66895
31,cheddahz,United States,12301
32,EclecticFinn,United States,88351
33,RyuHayabusa,United States,20212
34,KillerElDiablo,United States,103999
35,CadenMoran,United States,0
36,hildredkcavende,,1695
37,dameclocharde,Russian Federation,7093
38,Skyforsense,United States,45230
39,Deessera,France,97796
40,moshpit,United States,85011
41,Nicsi,United Kingdom,32888
42,clingtoascheme,United States,96267
43,JacquesDV,South Africa,48029
44,GentlemenWalrus,United States,56524
45,erlioth,United States,104966
46,carenebeth,United States,28450
47,Birdeatsbaby,United Kingdom,6409
48,moonshinelunacy,United States,309
49,Hike62,Argentina,34257
50,milkbeard,United States,37019
51,sephiroth53,United States,88793
52,egyptiangoose,United States,48544
53,RosesInMyEyes,United States,83650
54,Rakastaakissa,United States,43607
55,Mekaonija,Canada,30863
56,KeeptheFate,United States,20410
57,soundenterprise,,93603
58,VanHalen1979,,500000
59,HaydenSane,,179
60,dechakinho,Croatia,2673
61,XDragonDildo69X,United States,3855
62,jesusson420,,61617
63,showmeyourholes,,41056
64,Caranthir007,United States,44166
65,MadnessInk,,96063
66,Mando323,,43169
67,Jennifershor,United States,0
68,timpletin,,214
69,Rhodriguez,United Kingdom,6949
70,FinalCrescendo,,42590
71,IsaacScarce,United States,58529
72,Gumtard,United States,22126
73,dcon23,United States,55561
74,TeeJayAllDay,United States,73276
75,zimmydoomday,United States,12446
76,SafariClub,United States,46
77,Wyzerd,Ireland,29504
78,farocker,Germany,120422
79,MillValleyGirl,,5
80,moleseyfc,United Kingdom,16294
81,halo33,,128686
82,Kimo1,Austria,24285
83,agnesxsaboia,Brazil,14244
84,astronaut4,United Kingdom,57758
85,casappa7,Poland,46763
86,yicelxD,Chile,9595
87,Theeboon,Netherlands,93780
88,FranzKaiser,Greece,133147
89,overwriteitall,Russian Federation,123902
90,KiraWay,Brazil,22593
91,fabricio_moura,Brazil,6649
92,loulou311,United Kingdom,152843
93,LuMagmor,Brazil,102129
94,wispalp,Russian Federation,1854
95,deadstrobez,,10486
96,haihui23,United States,7296
97,Azumi_chan,Sweden,106028
98,mahjong_cat,Sweden,5652
99,Wilithiel,United States,3261
100,Zernsky_Linley,United Kingdom,4758
101,Dahibak,Sweden,74547
102,mokssha,United Kingdom,30818
103,rymdkultur,Sweden,12056
104,IVIoonskin,Spain,799
105,dthibblin,Sweden,0
106,toutless,Ireland,9320
107,fl0www,Sweden,48431
108,slechmiinh,Sweden,137983
109,NadinaZng,Romania,8466
110,frambloos,Belgium,5428
111,twisted_logick,Romania,69957
112,ANDREY-VAN,Italy,4638
113,benhomie,Singapore,47379
114,NewBFFofParis,Germany,38595
115,ezhel,Spain,60530
116,annalysse90,,7322
117,FlaviaROliveira,Brazil,25895
118,rutos,Lithuania,24827
119,xadown,Brazil,50662
120,Marschner1,United Kingdom,65049
121,miund,Norway,173850
122,KiwiMorado,Mexico,120614
123,OOO_reptilia,Russian Federation,6827
124,arthurmes,Brazil,40460
125,Halimot,United Kingdom,59548
126,karmacarnival,United States,85132
127,moniczna,Iceland,109596
128,Gisa07,Brazil,4
129,BtheMusicAddict,United States,147129
130,dhonass,Latvia,60452
131,nyinya,United States,624
132,KoAn,Italy,28282
133,shalakhan,,24977
134,_delirium_,Brazil,15588
135,Roo92,United Kingdom,13722
136,gleet,United Kingdom,72348
137,Trigonator,Germany,39397
138,polly8681,Italy,2956
139,Nocturne^,Italy,56970
140,Ciscarocker,Italy,566
141,athena_lida,Greece,18427
142,Antonkina,Russian Federation,33031
143,RebekaSamyrra,Brazil,8741
144,lapetra,Italy,37709
145,oddlittlegirl,Italy,40495
146,MissShine,Croatia,41279
147,ich_willn_eis,Germany,965
148,ms_vague,United States,42559
149,picturemepurple,Romania,195570
150,filmfredrik78,Sweden,37385
151,notthataet,Estonia,10188
152,przhenica,Serbia,81962
153,annetteIT,Italy,26822
154,niunaona,Spain,87182
155,Tijandzha,Serbia,19649
156,meine_sonne,Ukraine,19709
157,budgeyb0y,United Kingdom,79351
158,NyachuatHaeffne,,0
159,samueldennen,United States,274096
160,LambAintNoSheep,Canada,66514
161,FrozenBullet-,,89076
162,muteblox,,74922
163,amypullen,United States,46266
164,amagicbeyond,United States,75703
165,andrepyk,Belarus,81230
166,shaolin86,United Kingdom,86279
167,leisuresuite,United States,24863
168,ATLiens1,United States,121696
169,yungdeity,United States,50552
170,automatonomous,Canada,9266
171,Special_Key7,Canada,12984
172,Cindelst,Netherlands,2357
173,jussi_m,Finland,83079
174,rihadam,,109000
175,effortlessness,United Kingdom,41606
176,R-Mac,United States,112279
177,sjm26b,,25483
178,MariFilippo,Brazil,68013
179,qmnw,Poland,229276
180,triLLL_matic,,15460
181,BIG_GHOSTFASE,United States,6291
182,michaelmcguire,United States,154234
183,bazoufemer,United States,27477
184,optimistic_tour,United States,170904
185,tslooyer,Netherlands,75037
186,Radioheart0706,Venezuela,41716
187,jess_n,,0
188,usetheforceluke,Netherlands,15343
189,jonnylion,United Kingdom,82663
190,unholybike,Netherlands,11391
191,Conebeast,"Palestinian Territory, Occupied",158348
192,Lahautz,,52384
193,kubA89,,90729
194,fadingsense,United States,35935
195,hedphylem,Netherlands,131761
196,volatyle,United States,115536
197,boka82,"Korea, Republic of",139100
198,Fox_Genetrix,United States,94935
199,Escobar97,United States,45057
200,GooseSpaghetti,United States,37245
201,TheeFringe,United Kingdom,91423
202,Masavelli,United States,35478
203,TylerSymes,Australia,111858
204,itsAaron904,United States,50023
205,jarppiduplessis,South Africa,29319
206,Ashtoria,Netherlands,76025
207,Bollocks_to_Pop,United States,97765
208,surefirewinner,Brazil,44291
209,Alisha_Marvel,,24782
210,shayface,Canada,241857
211,LoveGracenote,United States,137654
212,soswen,United States,59164
213,Heyinah,Brazil,26520
214,thecatinside,Turkey,125505
215,c4twang,,1832
216,mariacadorin,Brazil,115538
217,psychicguts,Russian Federation,32378
218,Shekinoq,Russian Federation,64441
219,ket_shkil,Ukraine,8789
220,PaulaMeira,Brazil,56742
221,shelbydoll72,United States,54859
222,vccharisma,Canada,10259
223,Ishishishisha,United States,3661
224,Winrire,Poland,44621
225,heyvikky,Brazil,46758
226,solthemorsel,United States,51382
227,tonksb,Brazil,27472
228,Luujs,,83249
229,nhdmnsrrt,United States,52102
230,safloki,Ukraine,869
231,SimoneDelia,United States,1377
232,pul-koleksiyonu,Turkey,30422
233,ediblepeople,Canada,66239
234,anabeatrizk,Brazil,24773
235,Lloth,Netherlands,84347
236,Cyramin,,7037
237,CallMeSushi,Poland,72677
238,heinin,Finland,24075
239,doublemdouble,Russian Federation,4445
240,AylinApril,Germany,38258
241,Marigiardini,Brazil,31811
242,Ola2003,Poland,65370
243,anafarmer1,Brazil,101187
244,Mrseme,Spain,48059
245,toler2,United States,16971
246,sebastpol,,19781
247,misszombiekate,United States,6732
248,dance-with-you,,80738
249,Avdb00,Belgium,30460
250,SeetheSeas,United States,144178
251,backyardvoodoo,United States,42436
252,isabellacllara,Brazil,7695
253,CaroolMoraes,Brazil,19174
254,para-n0ir,Brazil,24366
255,acrossthewind,Brazil,36314
256,PeggyBlond,Poland,1140
257,lornaami,United Kingdom,12682
258,Mi_KL,Brazil,16868
259,galvaoneto,Brazil,74419
260,coptersbabie,Brazil,63266
261,gibertipaglia,Brazil,5970
262,xalbcar96,Peru,8156
263,quickaj,Brazil,20
264,Chechka7,Croatia,26331
265,AllstarSofija,Serbia,44840
266,Sinsinatti,Russian Federation,63378
267,marquismgolaugh,,1919
268,lannepinheiro,,7020
269,andysuxx,Brazil,55083
270,elita_blya,Russian Federation,181836
271,hannszy,Brazil,17786
272,Throwabolt,Germany,21912
273,doteforme,Russian Federation,219368
274,marcodeluke,Italy,5420
275,aline__almeida,Brazil,115424
276,Penchy,Switzerland,1778
277,barbara_elen,Brazil,14696
278,tiemithrash,Brazil,44094
279,EuSam,Brazil,5028
280,taina-,Finland,42792
281,martinsthayssa,Brazil,11364
282,peurdunoir,Brazil,35927
283,FeehBeltran,Brazil,36442
284,jonatansapple,Brazil,82544
285,smallfaces1987,,13
286,pepemarciano,Colombia,108108
287,junaminas,,232308
288,mvldk666,Denmark,192407
289,cmonpilgrim,United States,42193
290,ibkw34,Germany,47649
291,mkhiraga,,0
292,lavieuz,,45127
293,Skarabazoo,Italy,197
294,UjakStanley,Croatia,83270
295,Annalisa_95,United States,15
296,b-cilla,United Kingdom,12202
297,thaicorrea,Brazil,9906
298,bandaDigitais,Brazil,8
299,keanequeen,Brazil,207321
300,glassofchild,Monaco,212761
301,morphaast,Brazil,38706
302,Liavrichir,Brazil,16103
303,brupierri,Brazil,52689
304,SilentSiren,United States,140604
305,keegizzle,United States,36513
306,hleasy,,16104
307,l3eatdown,Germany,50258
308,abeliaaden,United Kingdom,45218
309,Meggyn,United States,71994
310,Victoriaisfresh,United States,90986
311,ellieloo,United States,42433
312,makeupthefuture,,40
313,papercupmix,United States,25315
314,suedeeondray,,12348
315,Nuclear720,United States,14078
316,devinkapants,United States,8884
317,kpielak,United States,58013
318,caitie_s,United States,39252
319,Brandistadora,United States,39982
320,cheesemuffin924,,12501
321,amusedanonymity,United States,12212
322,chelsmurph,United States,11120
323,zehdrao,,10252
324,bonjourceline,United States,42343
325,GoodCatGoneBad,United States,65479
326,katieem44,,5126
327,whaojackie,United States,38166
328,Jessiejaybird,United States,28111
329,julieelisabeth,Norway,131608
330,sincealwaysxo,United States,32235
331,julie_____,Canada,68315
332,vselavy,United States,26216
333,autumnbeds,United States,21185
334,neener_neener,United States,2659
335,MyLadyGarden,United States,55676
336,lush121,United States,79129
337,pdxcarrie,United States,8646
338,htnickel,,81285
339,ambnille,,17427
340,allyson51,,20985
341,kristinrae_,United States,49940
342,Hurlygurl1116,United States,20100
343,afru,United States,15658
344,Cococait,United States,88941
345,falloftroys,United States,99719
346,Milqui13,Norway,42338
347,mostlymel,United States,55076
348,daftgirly,United States,118287
349,Pennylllane,,39
350,raisonne,United States,72844
351,Jannathison,United States,42005
352,kungpowkris,United States,63489
353,tarrynblackwood,United Kingdom,29415
354,disobedientKT,United States,116278
355,misssuomi,United States,78034
356,MGMTee,United States,58746
357,Fenderperson,Norway,32136
358,hkedik,United Kingdom,7413
359,quail-pipe,Latvia,25346
360,Renegatus,United Kingdom,59297
361,nyfilmfest,United States,203422
362,grawljoe,,23
363,Cordelia9,Canada,36451
364,DirgeElucidatr,Bangladesh,33038
365,szurik,Poland,85128
366,tratatame,,1
367,mdomox,Greece,21257
368,vollwertmedia,Germany,4651
369,marslaw1,Poland,595112
370,totallyolly,,42164
371,adrianemile,Norway,24350
372,blackswan33,Canada,605
373,mozzmozz,United Kingdom,303259
374,Kvicky,Spain,57699
375,haluya,Japan,59581
376,dkalo,Greece,23539
377,bombaj,Poland,156337
378,gabrielmdm,Brazil,60288
379,ruben_conrad,Indonesia,25862
380,mahavishnuklaus,Germany,11227
381,Gabrielll,Serbia,23314
382,Tashik,Russian Federation,17959
383,ironiv,United Kingdom,13513
384,mrbrightside77,United Kingdom,1635
385,ClownBehbeh,,109229
386,holidayclassic,Russian Federation,1
387,wc91,United States,87193
388,quarryking,India,17333
389,krembl,Russian Federation,25226
390,zeitGEITH,United Kingdom,36411
391,varjak,United States,24729
392,LillyMarleen,Germany,33087
393,edawn,Algeria,89238
394,Polarbyrd,United States,1026
395,sexual-healing,Turkey,57393
396,marlowe_is_dead,Antarctica,8745
397,Magari81,Mexico,16511
398,ferro,Portugal,28902
399,hardrockguy,United Kingdom,159560
400,ihelveteheller,Sweden,10086
401,omgface,United Kingdom,298823
402,fujikermit,Turkey,31203
403,cheshire_d0g,Russian Federation,53197
404,lathicentropy,United States,143975
405,GreenSpidey,Portugal,94657
406,stuveback,Sweden,90380
407,Zeft,Australia,107873
408,Hannah_dee,United Kingdom,36751
409,marec7,United States,62193
410,TriggerCut92,United Kingdom,15178
411,pianodork08,United States,46278
412,TheVinylScout,,80988
413,lisz-,United States,12787
414,shandela,Canada,37280
415,djmackenzie,United Kingdom,61662
416,yesacehannah,,20317
417,Pataglu,France,150380
418,harkyb,United Kingdom,130350
419,rocksaurier30,Germany,106902
420,reike82,Israel,81059
421,techspecs,United States,130988
422,akosizappy,Philippines,39470
423,m-mikeel,United States,30827
424,cafecolours,Japan,210328
425,totolandia,Brazil,91176
426,sedna666,,13903
427,Fonge920,United States,54200
428,deedeedum,Singapore,17659
429,bylta,Iceland,17259
430,hmerghart,,159576
431,timseley,United States,43553
432,pixiemeister,Austria,76306
433,iza_krzciuk,Antarctica,127871
434,richard_dirt,United Kingdom,13970
435,LovejoyLJ,United Kingdom,13041
436,Enayim,Indonesia,1233
437,suelie,Germany,56007
438,Folk_It_Up,United Kingdom,21405
439,sofiekemieke,Belgium,65290
440,kozukired,United States,17156
441,jenisthebest,Canada,41092
442,remake_remodel,United Kingdom,28278
443,hurdyblurdy,United States,56395
444,Thrillhouse77,,16812
445,lindsaygoober,United States,17436
446,roxybee,Norway,5942
447,tinkkuu,Finland,48134
448,Elles77,Netherlands,12602
449,acrossmyblinds,United States,23438
450,ahprahran,,24467
451,amyscheidegger,,39180
452,rachelhi,United States,7147
453,eomachine,New Zealand,14599
454,rachelbennett,United Kingdom,64384
455,am0500,United Kingdom,20128
456,gonzovision20,Ireland,164111
457,lauri__,Niue,15754
458,mrsyvette,Ireland,83191
459,CaptainGraphite,Ireland,32422
460,Edelli,Japan,103670
461,A_J_,United Kingdom,2049
462,AerovsMoro,Ireland,54932
463,SlinkyPix,Ireland,91604
464,i_prolonged,Ireland,41068
465,LaughingGear,Ireland,17394
466,psiax,Ireland,44282
467,caroleeburger,South Africa,59584
468,DamonFstr,Ireland,76761
469,vecaoptop,Ireland,19062
470,smokedeels,Ireland,1492
471,UltimateCK,Ireland,28447
472,howcansheslap,,4485
473,nickycast,United Kingdom,21208
474,xiiad,,41061
475,myleftventricle,Ireland,61394
476,CatsMusic08,Ireland,29871
477,DenisNoronha,Ireland,62242
478,uriahithecrappr,,30168
479,itsjo,United Kingdom,28494
480,ElaElaElano,Ireland,25619
481,mariatlastfm,United States,9169
482,MaryDrummer,Ireland,32507
483,kate-bip,Ireland,968
484,Turenne01,Ireland,94202
485,ciaraelle,Ireland,12740
486,raptureponies,Ireland,44090
487,catch22,Ireland,69973
488,xavisix,Australia,375
489,pinksoir,Ireland,4932
490,reddirtgal1,Ireland,129392
491,Veronika_17,United States,317
492,frofro,United Kingdom,130000
493,rikkefj,Norway,33482
494,IrishLibertine,Ireland,28006
495,itzmeConor,Ireland,111460
496,stathom,Denmark,42242
497,roxxers,Ireland,11208
498,ambershade,Ireland,70645
499,EyelinerRocks,Ireland,10960
500,ruth_neary,United Kingdom,140560
501,time2rise,United States,1691
502,DominoDub,Ireland,113827
503,kristenkills,United States,16581
504,lithium2000,Russian Federation,30383
505,hellqueen89,Italy,98670
506,Cracker_AR,Netherlands,39794
507,bonewhiteglory,,7355
508,VladdaMeer,Serbia,126411
509,beuys64,Germany,14690
510,Darkelf3,Russian Federation,187794
511,entidadnocturna,Chile,229528
512,just242,Mexico,853
513,BimboBoy,Sweden,124379
514,DasSchweigen,Sweden,65496
515,moonlightshad,United Kingdom,52808
516,Psychosocial999,,249126
517,nearfield,United States,115514
518,away4m,Turkey,11933
519,BeverlyMarsh,Italy,139067
520,Marta_Fernandes,Portugal,29330
521,Jim889,United Kingdom,107274
522,the_Figur3head,,27712
523,Hood242,United Kingdom,787105
524,changelingette,United States,120263
525,freaky_DE,Germany,311070
526,garycantwell,Ireland,240179
527,pazdvasound,Belarus,29980
528,Empathy82,Germany,470000
529,Sombrati,Brazil,99172
530,NespaLa,Belgium,84710
531,Seminogaja,Russian Federation,47799
532,Nox-Aeternus,France,54403
533,Gisselae,Japan,98521
534,leonid-gord-off,,115043
535,rinat76,Russian Federation,19920
536,SchwarzeSonne85,Germany,9545
537,Demona385,,148395
538,privetplastik,,65059
539,SeRoPrAm,,42159
540,e_r_r_o_r,Bulgaria,62296
541,xaerodarck,France,114252
542,NalruN,Azerbaijan,293944
543,leilalianoutsa,United States,49299
544,Gothic_World,Germany,11470
545,Energiekugel,Germany,29474
546,AsepticVoid,Italy,7894
547,PredatorDM,Poland,74901
548,Absurd_Maers,Ukraine,174180
549,Lollopynder,,17844
550,FukkNorris,France,126192
551,Lolbre,Serbia,187254
552,Zephism,Australia,160179
553,portisst,Canada,9767
554,kajuga,Poland,153469
555,EmpressNutjob,United Kingdom,97378
556,SonicAzure,United States,57465
557,EFCBABE,United Kingdom,16476
558,MarcusRimondini,Australia,160568
559,hardcorescott,,44207
560,Graf1982,Belarus,128709
561,kellytheunicorn,United States,16621
562,HimitsuUK,United Kingdom,17264
563,cfraserh,Canada,24207
564,magicseatronica,Ukraine,9212
565,TheHutchman,United States,189137
566,isuru221,Sri Lanka,73876
567,lunaatique,Poland,183221
568,clenchedteeth,United Kingdom,302787
569,gothico72,Italy,1081
570,GabrielaCarrer,Brazil,23315
571,Gordonflesher,Ukraine,242299
572,NicolKarmacoma,Poland,18366
573,JMLKAIGUN,United States,35727
574,The_SchizoidMan,Spain,5317
575,Millobixo,Italy,79882
576,SeduceTheWeak,United States,134346
577,reece_sim,,280084
578,Ravensbarbarian,United States,169609
579,clayishtwine,United States,6044
580,squareapprised,Mexico,74386
581,keyak,United States,20216
582,U2Vox,Portugal,49513
583,Iamjustapeasant,Russian Federation,70634
584,Bolshevized,United States,75787
585,Aaron5000,United States,24027
586,ERIXWORX,United States,38313
587,Ackibear,Australia,14797
588,x5gtrn,Japan,107115
589,JimmyDiggs,United States,8371
590,ElectroPanties,United States,8663
591,ivanshello,Russian Federation,84172
592,jammyofstafford,United Kingdom,99326
593,IllumoHorizon,Switzerland,26331
594,eforyie,United States,1914
595,ColourMeCurious,United Kingdom,22580
596,Ludamage,Russian Federation,47271
597,MemoryMan1964,Germany,9373
598,Alienspacer,United Kingdom,276072
599,LOSpistos,Slovakia,5553
600,Aerosyn,United States,53294
601,noisesurfer,,1518
602,moich,Sweden,6200
603,Cyphos,Sweden,143148
604,aubreywasadiver,United States,4230
605,Jimb0o,Sweden,8392
606,moorgrove,Sweden,7759
607,Neverwinter,Sweden,57811
608,katashiii,Sweden,208291
609,BrittanyRoss,United States,3
610,neal82,Sweden,20511
611,ZAArK,Sweden,128099
612,MarviiN,Sweden,29188
613,So_Here_We_Are,Sweden,2162
614,-catgut-,Sweden,45990
615,allikhin,Sweden,41142
616,ettlitetord,Sweden,3594
617,zuri_panto,,91608
618,beggin,Sweden,27818
619,silverwaxlips,Belarus,29012
620,youn666kruel,Indonesia,9397
621,aladyisme,,98895
622,adaada58,Russian Federation,127073
623,Cripple_Dread,Sweden,33071
624,disbak,Greece,77184
625,dislike,Poland,161525
626,rogoseven,Italy,36653
627,transatlant,Sweden,155181
628,agzdaredz,United Kingdom,46500
629,Kelsey_Mitchell,United States,43
630,Simonsandberg,Sweden,41304
631,neuroganic,Sweden,131574
632,XelDiabloX,Sweden,1161
633,falafelpunk,Sweden,267058
634,Dr_Tot,Sweden,62509
635,Wannabe8,Sweden,78717
636,famindustry,United Kingdom,17351
637,cn283,United States,6344
638,ksantyv,Belarus,31834
639,alakazam_Natali,Sweden,9674
640,gabbster,Sweden,70441
641,River_Ob,Sweden,9575
642,pperes,,45447
643,warnis,Sweden,104586
644,Talavis,Sweden,332079
645,Dansmelodi,Sweden,6551
646,KonFerenz,Germany,52697
647,yamasakimusic,United Kingdom,7
648,jullpa,Sweden,52941
649,aspd,Norway,39946
650,Jivek,,843
651,Plastiqueee,Russian Federation,25028
652,Hattifnattat,,0
653,Walfrid,Sweden,33720
654,Klitermnistra,,51862
655,hollowdrutt,Sweden,133763
656,milamajka,Ireland,5239
657,Greigh,Sweden,79735
658,Arkandast,Russian Federation,246953
659,Cassow,Sweden,34342
660,farbror_ernst,Sweden,69034
661,tropicinferno,Sweden,66064
662,Kempeitai,Antarctica,1
663,Granstrom,Sweden,142681
664,abimamibe,Belgium,46228
665,theodorbastard,Russian Federation,28
666,charlie_,Sweden,13314
667,syntkatten,Sweden,10407
668,BigBadaBoom4ik,Russian Federation,221661
669,askmewhouare,Denmark,1409
670,lxmbrg,Sweden,84161
671,thehersch,Canada,709976
672,Eternalkeys,Italy,0
673,jakobander,Sweden,351792
674,berkeleyweber,United States,958648
675,silverslut,Sweden,121262
676,adastra_d,Russian Federation,195386
677,Nihilistic23,Germany,135197
678,anghst,Sweden,49955
679,Andiluvian,United States,9999
680,shazmaru,United States,163306
681,ister,Sweden,51099
682,nanny_nanny_boo,Sweden,92438
683,muggi85,,2213
684,mantra13,Sweden,75806
685,grimel0rd,Sweden,90129
686,BelcantoInTheSp,Montenegro,121815
687,LordFader_Sound,Portugal,142359
688,oestrogen,Sweden,134072
689,rotgrule,Belgium,70681
690,VonStahl,Chile,49822
691,Benjamin_Linus_,Australia,59458
692,peregrind,Colombia,54564
693,yogbarog,United Kingdom,124372
694,dIRTBAG72,,32093
695,ebeldosina,,69102
696,klappklapp,Sweden,34783
697,massibhoy,,133366
698,Popskalle,Sweden,101986
699,tilllama,Germany,50798
700,jezperse,Sweden,9513
701,monasterio,,5505
702,fuzzyEskimo,,52740
703,marciotex,Brazil,95574
704,Fillwe,Sweden,13942
705,tommie,United States,53769
706,BrorT,Denmark,68274
707,Random__hero,Sweden,117948
708,Jonasson,Sweden,78344
709,DeathJuice,Sweden,39242
710,geniussssss,Denmark,1352
711,elinswenson,,2936
712,smokababylon,France,68128
713,cimirish,United States,9567
714,whoosename,Germany,22666
715,Druid66,United States,12694
716,keresaspa,Ireland,136286
717,fake_line,Russian Federation,11914
718,ednaha,United States,439337
719,Thommi3,Netherlands,41596
720,narinisinsane,Sweden,29175
721,magnoliarock,Sweden,37
722,so-subtle,Sweden,72819
723,whatpenguin,,116187
724,lovermew,United Kingdom,124437
725,seusion,Sweden,35287
726,oktoberlandet,Sweden,10877
727,totalitet,Sweden,167959
728,amandaviola,Sweden,3458
729,isola_,Sweden,7902
730,innovativename,Sweden,48519
731,HoneyWell_,Sweden,69476
732,Mathildi,Sweden,22578
733,Snabbdist,Sweden,85985
734,SoLongSoLong,Sweden,42815
735,Mr_Flowertwig,Sweden,9280
736,cabbageofnight,Ireland,41616
737,glebzverev,Russian Federation,1345
738,Kirisse,Russian Federation,28987
739,Not_From_London,United Kingdom,233
740,mustafaria,Russian Federation,4526
741,RinneganSennin,,323655
742,houndovlov,United States,28922
743,djsickmick,United States,159
744,Melancholic,,153283
745,ewicfahbah,United States,48606
746,frammenti,,1032
747,chewtoy,Netherlands,184563
748,dis_order,Sweden,59373
749,tevlev67,United Kingdom,21061
750,arse-hole,United States,6136
751,ekzz,Sweden,264
752,replicantgirl,United States,12162
753,CheshireCee,Finland,12805
754,boxedrobot,,15532
755,Jane_Kahn,Russian Federation,65603
756,Killjoker,Iceland,18
757,FOBW,United States,9
758,OMBmassimiliano,Italy,1
759,dracmarecords,Italy,7
760,ReturnToTheEast,United Kingdom,80587
761,Asurya,Austria,4417
762,fb1989,Germany,220908
763,drekec,Slovenia,13123
764,inoculation,United Kingdom,21701
765,_tevildo,Australia,46465
766,Paiuala,Finland,7487
767,chadengland,United States,56517
768,jupitreas,Poland,119336
769,rougevelvet,Australia,98517
770,LKR-42,Ukraine,69130
771,Thessi,Finland,16556
772,stargoneinsane,United States,14238
773,pestkownica,Germany,64877
774,71stars,,3112
775,lriegler,United States,7235
776,Pompomm,Switzerland,18088
777,unfamiliar,Austria,6942
778,ljupka,Croatia,73342
779,jenna1230789,United States,131873
780,gogurtdynasty,United States,39925
781,HeroinFace,Sweden,24827
782,ViciousBleu,United States,180931
783,SabrielLuna,United Kingdom,34267
784,Levithian,Colombia,31436
785,artofchoke,United States,5365
786,DogtownPhil,United Kingdom,35277
787,OutrageousSwe,Sweden,9612
788,Mrmartin85,Sweden,64550
789,MeAndTheMajor_,New Zealand,9292
790,davidforslund,Sweden,11779
791,nikator,Sweden,235663
792,vinyldom,,645540
793,hedvux,Sweden,8445
794,dropdeadulrika,Sweden,158446
795,radstrom8553,Sweden,75849
796,ojdean,United States,680645
797,gnardog5000,United States,146030
798,xhardcoredollx,Ireland,22683
799,Yewn,Sweden,27517
800,labirintomusic,Brazil,1124
801,jakoblindhagen,Sweden,94128
802,Neunauge,Germany,105513
803,xfilipx,Sweden,72782
804,altemark,Sweden,170331
805,Apeskull,Sweden,112895
806,xiddx,Sweden,20579
807,Laaisb,Sweden,1831
808,sockerponny,Sweden,42463
809,loyca,Sweden,701
810,Srejv,Sweden,16998
811,SaraK_,Sweden,28760
812,Lenoe,Sweden,36806
813,MindTheCRASH,Sweden,30561
814,jimmysola,Sweden,72484
815,Urtica_,Sweden,1226
816,RachF,United States,35030
817,LtrJ,Sweden,76502
818,BetweenYouAndMe,Sweden,44396
819,Theeea,Sweden,3078
820,poetryinlights,United States,1961
821,towerofARIELLE,United States,8099
822,lost_angel_,Sweden,25119
823,XkillromeoX,Sweden,36969
824,leinadd,Sweden,83524
825,ultra_noir,Ukraine,227
826,ArmanisGod,United States,23951
827,fitforfight,Sweden,17492
828,hondomaclean,,4470
829,8bit,Sweden,38688
830,pferd,Sweden,20081
831,flexibel,Sweden,7382
832,zaosin,Sweden,41885
833,tnoet,Sweden,11906
834,everettshow,Italy,17861
835,Antieck,Sweden,6280
836,CandyChaos,Sweden,80686
837,roschild,Sweden,30794
838,Talving,Sweden,161105
839,duljuvadystopi,Sweden,2952
840,Thermoss,Sweden,22168
841,Hegira,Sweden,106
842,theotherjordan,United States,51420
843,DaphnePaugam,France,50767
844,ukulelejew,United States,25395
845,mechanizedx,Netherlands,33035
846,thespacepony,Sweden,37244
847,annapiantino,Brazil,29271
848,pamelallira,Brazil,9489
849,Julolagus,,20830
850,jamesftm,Brazil,90136
851,MoaW93,Sweden,43816
852,Brandika,Philippines,79736
853,Sama-ell,Russian Federation,102702
854,mariahueb,Brazil,21980
855,maxbiglino,Italy,27781
856,mvgeek,Maldives,14086
857,renzo_sinisi,Argentina,15289
858,Garbage_oYeah,Brazil,65628
859,galuhindi,Indonesia,48704
860,eternalblossom,Netherlands,40227
861,AllyRegins,Sweden,46070
862,fannyberlin,Germany,40611
863,Grigory21,Russian Federation,3405
864,turtleislands,United States,31652
865,Astmakattenhugo,Sweden,33018
866,Cyklis,Sweden,50371
867,longryders,,7148
868,hejvackerhet,Sweden,14288
869,LiVerPool74,United States Minor Outlying Islands,2917
870,celsior,Sweden,149091
871,Musicboehmy,Germany,147177
872,gypsy_hendrix,United States,501
873,Radio5620,Switzerland,22717
874,rabid42,United States,50088
875,kwassa,United Kingdom,105073
876,i_am_walrus,Australia,2017
877,magazoni,,4960
878,Blackbird_1978,,208554
879,Mess-age,Sweden,39961
880,likeawhisper,Sweden,7382
881,BloodRelegion,Sweden,48360
882,DasTier,Sweden,40066
883,legobitar,Sweden,183772
884,FatBoySynthax,Italy,8090
885,Fridac,Sweden,12147
886,PrincessMoltie,Sweden,152565
887,cicciakaretch,Sweden,55793
888,purplefistmixer,United States,36824
889,Dredz,Ireland,218668
890,cookel100,Ireland,177
891,teknostatik,United Kingdom,198459
892,MarcKromann,,46416
893,Quintenito,Belgium,65485
894,SarahPonyy,Belgium,2737
895,tehjohnlynch,,131513
896,Abderrahmane,Ireland,81399
897,minorhistory,Ireland,45940
898,jossmo,Ireland,43596
899,flufffox,Belgium,32461
900,parfois,United States,4376
901,weaseltractor,United States,15954
902,foreign_girl,Argentina,35455
903,Creme-Brulee,Ireland,17159
904,Qpiine,Ireland,5177
905,oneoctoberine,United States,114707
906,draggedup,Canada,162088
907,plazzTT,Ireland,66439
908,VemChristiano,United Kingdom,66642
909,particle-boy,Ireland,23569
910,killerspork33,United States,26938
911,moonytoes,United States,57778
912,nikkabug,United States,4688
913,hellocalamity,United States,159986
914,Cabbeh,United Kingdom,129494
915,TheBloodMachine,United States,69958
916,davovscapcom,Australia,3888
917,Shiftplusone,United States,35117
918,torre_avenue,United States,39832
919,djmihoshi,United States,64214
920,SlakaPong,,16306
921,NinjaCatfish,Australia,83166
922,Tyzer,United Kingdom,44969
923,Burkey,United Kingdom,209049
924,Shorty11857,Ireland,105070
925,DamnD,Barbados,147484
926,U2MOFO,United States,80932
927,davepoobond,United States,138939
928,JWitjeS,Netherlands,277372
929,Ampersands777,United States,48819
930,chemicalinxs,United States,55575
931,Dvdjamm5150,United States,36825
932,soxinthebox,Australia,36096
933,steelytortoises,,21974
934,Jaroof4500,,46144
935,hodayathink,United States,24645
936,zukaus,United States,88443
937,GusBus250,United States,50345
938,Shadow19,United States,143855
939,enzom21,United States,79172
940,CountLizard,Sweden,172356
941,mattoasis,Italy,56504
942,CrisRoss,Poland,41550
943,sirgawainsky,Canada,30064
944,Hawkster07,,21749
945,tobi316,United Kingdom,15837
946,efceddy,,179
947,JamesyClarkey,,115
948,Flawl3ssCowb0y,United Kingdom,71362
949,olimorris,United Kingdom,7187
950,pboreham,United Kingdom,82616
951,habbazoot,United States,127208
952,zoarces,Norway,79798
953,universeofatoms,United States,43635
954,H8AM,,101521
955,Itamyster222,Israel,39360
956,Phish972,United States,49693
957,matsuoshi,Japan,219359
958,RattledByLeRush,United Kingdom,120535
959,Greenwood_Style,Italy,69673
960,Music_TG,Israel,4907
961,broface_chillah,United States,42333
962,innerspeaker,United Kingdom,68917
963,taco_zed,United States,17454
964,imdanilikemusic,,1765
965,Rakaizombie,United States,32209
966,doglover10010,,23951
967,1200Mics,United States,48996
968,GritJoel,New Zealand,49929
969,thelastbrick77,United States,45939
970,CheckAnon,United States,183470
971,NuganatoYumo,,0
972,soliform,United States,8912
973,MikeyTamps,United States,80702
974,carolinelahola,United States,117596
975,mymusicisawful,United States,62205
976,Debaser91,,50982
977,pooley36,,12688
978,notjoosh,United States,32666
979,TalkingBeard,Ireland,76394
980,WaVvVveS,,0
981,Mahoogie,United States,32034
982,Rydler,,94708
983,boni0030,United States,35049
984,Chadion,Finland,115577
985,Maxnstuff,United States,44913
986,Fresh_Veggies,Australia,98662
987,ThugWheel,United States,4670
988,ShuriK_Minsk,Belarus,84588
989,Karloni,Poland,26822
990,vgsmelo,,115540
991,alexanderwebb03,Australia,36230
992,UltimaDude,Canada,66435
993,Tijmenn,Belgium,41854
994,mrmondaynight,United States,28641
995,Seph91,Chile,69613
996,theirsbailiff,United Kingdom,3728
997,Firehead03,United States,58473
998,Ezenzer,United States,151119
999,faridmon,United Kingdom,131144
1000,suppadoopa,United States,1907
1001,ba_risingsun,Italy,38802
1002,sebp,France,270776
1003,Material541,United States,96082
1004,MaMaladie,United States,47595
1005,WonderCuddles,United States,103584
1006,bbbeware,,29952
1007,apocryphex,,12751
1008,kozcrap,United States,57465
1009,Muenzkopf,Austria,30340
1010,WHINYFOB,United States,31201
1011,Cillah,Australia,154508
1012,notaplant,,31202
1013,Mentalstroke,Mexico,67886
1014,lordofallliving,,61238
1015,kisayaa,United States,26707
1016,Nikachu88,Australia,175903
1017,Radikal_Dreamer,United States,70834
1018,MikeLXXXVIII,Norway,59394
1019,ryanwellis,"Korea, Republic of",25894
1020,jambowned,Australia,123755
1021,NoboCop,Finland,104802
1022,hokagespit,United States,45691
1023,mistercosmicbus,United States,58992
1024,kuroneko0509,,23423
1025,JeremyJay22,United States,38380
1026,namdo64,United Kingdom,64812
1027,PSIStuff,United States,22261
1028,DandyCrocodile,United States,27442
1029,woffls,United Kingdom,103299
1030,Azoshi,,28919
1031,lednerg,United States,12862
1032,darkstrand,Canada,44177
1033,Mr_Zombo,Poland,100905
1034,gdmusiclive,Italy,158
1035,Guamu,Mexico,62171
1036,DrManhattan85,United States,64482
1037,XavierBlack99,United States,35948
1038,SteveSkinner,United Kingdom,118628
1039,Bauer91,Serbia,23066
1040,KevinWinston181,,15592
1041,Matheusmetal15,Brazil,54820
1042,Doomshine,Finland,11259
1043,MikeMcCee,United States,1837
1044,Bendelvio,United States,36063
1045,makingmusic476,United States,33203
1046,NytmareTrigger,,40419
1047,Yaaatoob,United Kingdom,36947
1048,Joseph_Meagher,,4520
1049,polg,New Zealand,52210
1050,VALIS666,United States,49982
1051,Axuran,Canada,45537
1052,vitaminwateryum,United States,37257
1053,lukeamania,United States,32636
1054,NoraSomething,,14
1055,Furioku,United States,51245
1056,jeremyig88,United States,7165
1057,PitchBlackFlint,United States,67151
1058,OmegaDragon,Netherlands,71028
1059,Winterblink,Canada,8973
1060,Fina1e,United States,111858
1061,industrian,United Kingdom,0
1062,anaesthetise,,29046
1063,Alucrid,United States,35653
1064,Carbonized,United States,241534
1065,MoontowerEoS,United States,28085
1066,congratuIations,United States,62204
1067,MjsCandyGirl,Mexico,60075
1068,missblack21,United Kingdom,16239
1069,AliceAster,United States,176819
1070,CasacoMarron,Sweden,37777
1071,Shrike_Priest,Sweden,62872
1072,IceDoesntHelp,,9712
1073,hazukii,United States,35950
1074,Nintendoremi,United States,1243
1075,teenywoo,United Kingdom,44687
1076,Vigridian,,28402
1077,aMaladroid,,13686
1078,TristTrist,United States,111632
1079,irffek,United States,16491
1080,DKHustlin,United States,80967
1081,hastega,,14474
1082,demonhunter326,Belgium,200890
1083,Alejandro_S,United States,58901
1084,selfReg,United States,12324
1085,wupperbayer,Germany,37503
1086,kihe,United States,188097
1087,dyna-soar,Australia,88118
1088,reilas,,19463
1089,Jayayess1190,United States,80119
1090,DevilKaz,United Kingdom,9781
1091,lovemefuckyou,French Southern Territories,93721
1092,Inkvoterad,,11802
1093,ttscoff,United States,27801
1094,Mrdoop1,,8956
1095,revolverfan88,,20552
1096,Daeda88,Netherlands,89062
1097,Juusoooh,,28556
1098,katcar-,United States,41930
1099,Thommunist,Netherlands,19799
1100,lender,Belgium,48136
1101,Ollydv,United Kingdom,67129
1102,WindInMyHead,Russian Federation,23089
1103,blair99,Serbia,66605
1104,Naijca,Japan,104981
1105,eeriemma,,44651
1106,TiagoFiereck,,323387
1107,think-long,United States,229989
1108,lunik3,United States,53206
1109,Xupz,France,139791
1110,bedroomtalk,United States,185378
1111,theworstisover,United States,99207
1112,jooiceboss,United States,25076
1113,ian_li,Canada,115821
1114,scuzzyneighbour,Canada,46194
1115,starkdesign,United States,55086
1116,AvidNobody,United States,68703
1117,LiniusPallitax,Netherlands,124398
1118,Darunia,Belgium,69096
1119,HassanRauf,United Kingdom,17282
1120,DanDeKlein,Netherlands,19310
1121,Ruzzel26,Canada,160578
1122,Hiresdes,United States,117984
1123,islandofheartz,United States,4437
1124,somatic_relapse,United States,113278
1125,Yami,United Kingdom,122994
1126,idiot_neko,,14617
1127,pyropix,United States,30405
1128,gothiclemon,United Kingdom,1504
1129,popluhv,United States,211593
1130,Yan_Baldert,,48399
1131,sova_dekarta,Russian Federation,32908
1132,SilCicada,United States,718
1133,lucydaydream,United States,14007
1134,anearapie,,19495
1135,sandboxguy,Finland,60848
1136,celticffrost,Russian Federation,26384
1137,Killtoyz,Brazil,30142
1138,Xioxxi,United States,29704
1139,Ojeteespacial,Spain,45056
1140,offendinevryway,United States,11580
1141,Kagnarok,Canada,152952
1142,okaynews,Argentina,8776
1143,IAmMarkCerny,,17254
1144,radioroomy,,127764
1145,SchweeSchwee,United States,3261
1146,AronMantra,Iceland,47971
1147,L_E_D_Zep,United States,111959
1148,PKLotus,Mexico,61677
1149,FretlessGuitar,,94974
1150,BurkeyTurkey,United States,18145
1151,ecaskew,United States,12151
1152,lazarusisdead,,9057
1153,nerdymcgee,United States,20431
1154,yuliavolkova,Canada,46949
1155,AesisVanex,Ireland,12562
1156,humanbeingman,Ireland,25127
1157,Matzi1991,Germany,35722
1158,leo2ramos,Venezuela,5410
1159,tylerconverso,United States,55317
1160,wantan_faquan,United States,55118
1161,DJGhostworld,United States,32036
1162,Soup__,United Kingdom,35087
1163,YoBangz,,12250
1164,chezrush,,27128
1165,P-000000,United States,2574
1166,SuperDeluxe88,United States,1478
1167,the_unsub,United States,44985
1168,Gllng,United Kingdom,23612
1169,pyke_1,Netherlands,34407
1170,cocopeach,Spain,6089
1171,hee_ho,,21886
1172,foshystock,Ireland,13407
1173,lummia,,72587
1174,crighope,France,80135
1175,AndyAndyLowLow,United States,81086
1176,psanborn,United States,68325
1177,Em3rson_fm,Brazil,67067
1178,Tai2000,New Zealand,3620
1179,Moonshiningrock,Mexico,3057
1180,rianfajartama,Indonesia,30053
1181,XxEDUxX,Peru,30401
1182,KrayboX,United Kingdom,131112
1183,mayazaretski,,28886
1184,saturn_27,Russian Federation,71279
1185,Txetely,Brazil,23618
1186,Fraaanzoca,Brazil,82398
1187,richardrocha,Brazil,92380
1188,nature__1,Portugal,18223
1189,lucaswaterhouse,,49438
1190,Rokudenashi22,United States,60354
1191,kbomb001,United States,32876
1192,HumanEvents,Jamaica,99743
1193,Piano_Guru,United States,81885
1194,LooseFace,United States,27415
1195,Mikhaela_Z,Israel,36416
1196,Povar21,,15017
1197,coz2112,United States,43565
1198,alienbillz2510,Nigeria,31531
1199,enjoyable_,Poland,19649
1200,Gorochan,Japan,208432
1201,bassonelove,Russian Federation,35587
1202,dzielnytabaluga,Poland,14552
1203,blackbruises,,76494
1204,sarahameera,Indonesia,74307
1205,Tebaan,Chile,30283
1206,kstonkus,,21491
1207,jespertt,Netherlands,70107
1208,Ananana6,Poland,148213
1209,dtkmike,United Kingdom,121973
1210,n0th1ng81,United States,56678
1211,gonthaleth,United States,16162
1212,damix199,Poland,84596
1213,XazariahX,,50712
1214,mattinhux,Brazil,56487
1215,SeedSnatcher,United States,198008
1216,alex_kusmar,Russian Federation,46276
1217,rodrigon,Brazil,39321
1218,ChiliPepper77,Portugal,22480
1219,MaGie75,,10187
1220,hovsc,Brazil,95082
1221,vinicius_vgv,Brazil,36023
1222,velochka,Russian Federation,26179
1223,BehindtheLines,United States,64336
1224,fcojrarq,Brazil,15172
1225,vlk6334,,30787
1226,Ayvio,,2913
1227,Dylanriverss,,20772
1228,nefritoviy,Russian Federation,22746
1229,Igor_Ak,Russian Federation,38981
1230,RussianSpy0920,United States,45553
1231,twinshadoww,,35571
1232,DeathKai1992,,15
1233,louis6922,Mexico,34211
1234,gobac_junior,Croatia,54075
1235,audio_odio,Italy,39213
1236,Homogenic_,France,151846
1237,wiltongorske,United States,102249
1238,Kewbs,Australia,201020
1239,blutzahn,Sweden,46388
1240,xblacksheepx,Portugal,34347
1241,Eveerth,Mexico,17362
1242,crucifies,,14127
1243,smonk19,United States,58629
1244,Kosplanov,Argentina,60281
1245,mattww952,United Kingdom,2197
1246,InfatuationR,Slovenia,85613
1247,Miklak,Poland,162900
1248,saint-genet,France,36454
1249,dremiliolizardo,United States,19986
1250,glauc0ma,Germany,53742
1251,iMolodoyBog,Russian Federation,61917
1252,iamhugopethead,,21361
1253,dmitryzamelin,Russian Federation,7677
1254,True_Wigger,Russian Federation,7497
1255,RaisetheDjed,Canada,51543
1256,ayvengoo,Russian Federation,26239
1257,trikkydikkyy,United Kingdom,218183
1258,SLUMBERPARTIES,,39685
1259,AntonMoller,Denmark,26377
1260,Melancholy_Lady,,82921
1261,pedrosavir,Brazil,60552
1262,cornerstorehero,United States,4988
1263,bryanlvrs,United States,197695
1264,dormothenord,,24335
1265,ap2007,Iceland,114820
1266,Crookedkid,Canada,34120
1267,antibacterials,United States,28457
1268,Hiigor_,,53688
1269,voroval_ubival,,22304
1270,dvdprz,United States,84626
1271,Halfadesk,United Kingdom,91723
1272,MarcosPaim,Brazil,60153
1273,aurmont,United States,1466449
1274,sindolyn-harlot,,323
1275,octothegreat,United States,18410
1276,Lemawn,Australia,24548
1277,jordanbeauchamp,United States,161293
1278,alabrasa301,,18239
1279,parker8__,Japan,13051
1280,DutchEdam,United Kingdom,8425
1281,thesprawl2,,4939
1282,Sunnywaifu,United States,67307
1283,anhero24,Sweden,75800
1284,LoloLakitu,Canada,17627
1285,girlpuke,United States,30859
1286,The909Virus,United Kingdom,91605
1287,onegonzalo,United States,49876
1288,Chrisydamess,United States,50563
1289,noahbeller,,16449
1290,threeDpaper123,,22378
1291,sombrerobama,United States,22474
1292,LunarTakiro,United States,62781
1293,haroskyline,United States,99738
1294,matthinkle,Sierra Leone,38657
1295,Cohner,United States,60392
1296,BasedViva,United States,74879
1297,Brinklebrother,,54617
1298,JFree15,,29281
1299,Nagiito,United Kingdom,71619
1300,lussyero,New Zealand,76560
1301,alal-al,United Kingdom,8225
1302,AdvisedDoor,Australia,26217
1303,TheLighterDark,United States,219898
1304,DaimonFray,Poland,56775
1305,syncrtl64,Romania,12952
1306,BoggleDragon222,,28340
1307,cheeseystrsnd,,46041
1308,watermelung,United Kingdom,9039
1309,wheelyfreed,United States,14776
1310,esquisopt,Portugal,149679
1311,smpcln,,152737
1312,jort68,United States,40549
1313,PhatPennen,Denmark,32450
1314,meltapple,,62692
1315,MachineCoil,United States,115481
1316,Red_Negatgive,,7672
1317,rat-master,United States,90939
1318,Pn-,United States,199
1319,LivingGhostISee,Ireland,13285
1320,Cheezetits,United States,14395
1321,Alecburn,United States,29316
1322,renoisauvage,,12618
1323,AtlaasMusic,,104325
1324,pointpleasant,Estonia,6693
1325,jh27anspuceau,France,110227
1326,Sixers-kun,United States,11481
1327,RussellChap,United Kingdom,86141
1328,jacobchagen,,15946
1329,IM4ttthew,United Kingdom,143401
1330,joaovsg,Brazil,29478
1331,SIC-MONSTER,Russian Federation,60291
1332,Niouw-Berry,France,23589
1333,Cocomangue,France,58872
1334,strakss,Brazil,189891
1335,micahjohnston,,50326
1336,cacal0l,Fiji,16064
1337,Vern-Fonk,United States,7118
1338,nobodybutgulc,Turkey,20273
1339,cuneges,France,76365
1340,Emyle25,Indonesia,22211
1341,Seperat0r,United States,146271
1342,RazorJVC,France,61314
1343,pola013,Poland,85565
1344,waanderfuul,,51627
1345,Bruno3000rock,Brazil,33823
1346,AssaLaFolle,France,8199
1347,NeymarrJr,United States,100164
1348,Hemdoux,France,2473
1349,NuclearWarXXI,France,45204
1350,Mr_Squall,France,130098
1351,Sophhis,Belgium,33598
1352,asofterturtle,,10028
1353,FinkaJVC,France,13098
1354,Manourson,France,11187
1355,Born-,France,72066
1356,Shoegazinger,France,12091
1357,IshotChicago,United States,71388
1358,VitorC94,Brazil,9018
1359,kyou666,Poland,34662
1360,socialPsyence,United States,115001
1361,wiergeliskan,India,116292
1362,silaptahi,,1452
1363,Scynzo7,France,31989
1364,jamcan11,,30583
1365,Disperzija,,49407
1366,BooshkiLaga,Canada,149443
1367,FitoB,Colombia,135330
1368,Q_____________Q,United States,47173
1369,macjm,United States,33303
1370,sweat_pants,,25666
1371,mr--mojo--risin,New Zealand,32181
1372,LucasLinoMota,Brazil,17216
1373,cpf234,United States,20112
1374,BoochieHoe44,United States,44077
1375,usita4,Argentina,75527
1376,Bronskosos,France,67346
1377,nualaalaun,United States,328764
1378,ImSpencer,Australia,74327
1379,clairedeloon,,45394
1380,ChemicalButtsex,United States,187888
1381,yung_creez,United States,54119
1382,eljamone,United States,25317
1383,Gregb727,Australia,32973
1384,antiperiodic,United States,50055
1385,mitsurusempai,United States,21177
1386,WDavidson26,United Kingdom,180192
1387,ZeshanAmjad,United Kingdom,91101
1388,hanha2,Finland,28853
1389,Karsonk,United States,58532
1390,pugz4lyfe,Ireland,67134
1391,MichaelPornStar,United States,86330
1392,bryanshelly,,30843
1393,HouseholdShame,United States,24918
1394,sbt3d,United States,27235
1395,jdseemoreglass0,United States,19252
1396,sugarcoatedliex,,59341
1397,SadistInChains,United States,7702
1398,Helvete93,,42121
1399,filthqueen,Australia,119498
1400,GabbsNunes,Brazil,49894
1401,es1510,United Kingdom,17730
1402,Doctor_Rev,Canada,50850
1403,Madotsuki69,,144662
1404,ttiot8,United States,31236
1405,HoboStrangler,United States,78970
1406,NewAgeFreakGrip,United States,14460
1407,foxex3,Romania,21978
1408,MONGOL9999999,United Kingdom,8178
1409,hgb1995,,1852
1410,gausie,United Kingdom,17352
1411,jjarichardson,United Kingdom,28035
1412,superfurryandy,United Kingdom,51417
1413,AndyNova,United Kingdom,73296
1414,chrisric22,United Kingdom,67412
1415,laurence19,United Kingdom,52604
1416,DDT1978,,9885
1417,DesWasABowieFan,United Kingdom,5493
1418,andradiowires,United Kingdom,76329
1419,dustbites,United Kingdom,28210
1420,C0URTLAND,Canada,14670
1421,georgiaface84,United Kingdom,1582
1422,thomaskulich,Australia,76984
1423,neilbombd,United Kingdom,219575
1424,KirstieRobyn,United Kingdom,14680
1425,LeTric,France,85655
1426,KenDannedy,United Kingdom,39886
1427,thenza,United States,61781
1428,stoo2k,United Kingdom,4904
1429,yousefcisco,United Kingdom,24811
1430,person3,United States,83300
1431,remahor,Portugal,11445
1432,CCSandman,United Kingdom,65339
1433,bearsandbees,Canada,47827
1434,iamstarwarz,,85770
1435,unefourmi,United Kingdom,31212
1436,Jacsy,United Kingdom,13480
1437,georgiaj-a,United Kingdom,7773
1438,nonstick,United Kingdom,25084
1439,urbanedecay,United States,8056
1440,jocaulfield,,28972
1441,carla_j_burnett,United Kingdom,118642
1442,-sssh-,United Kingdom,29064
1443,green-is-gold,United Kingdom,17872
1444,Lysonic,Netherlands,52845
1445,discopatrick,United Kingdom,39513
1446,noituudenaika,Australia,35949
1447,moebius42,Israel,25414
1448,s_c_u_m,United States,14953
1449,missyoshi,United Kingdom,14327
1450,looktoyourright,United Kingdom,1292
1451,AshMcAuliffe,United Kingdom,38173
1452,FlowerAxe,Canada,404
1453,MrStinkfist,United Kingdom,18962
1454,muverick,United Kingdom,240934
1455,DiscoCompatto,United Kingdom,76314
1456,Mistrike,United Kingdom,35119
1457,ml1muse,,139210
1458,Razophobicau,United Kingdom,28033
1459,bake,,52856
1460,padarnalat,United Kingdom,65565
1461,wildxgift,Russian Federation,39848
1462,der_waldlaeufer,Germany,8491
1463,Oneandonlymops,United Kingdom,36915
1464,vbooy57,United States,62610
1465,amatlock28,United States,3935
1466,murdermaid,United States,132972
1467,rootertunes,Portugal,47170
1468,j_garris,United States,61622
1469,SCRAND3R,United States,178156
1470,imgoingfishing,United States,48215
1471,ReverseParanoid,Netherlands,973
1472,presidentpoppy,New Zealand,12483
1473,hxjcfgkyvubhl,France,5337
1474,Melteddali,United States,37107
1475,jaredXStrife,United States,250813
1476,lrreplaceable_,Mexico,196796
1477,supplecake,,19089
1478,Callibretto,United States,191827
1479,zandeeeee,Philippines,17960
1480,hollymorris_,United Kingdom,36123
1481,PsychedMike,,49556
1482,Frippertron,United States,62718
1483,KreativE535,United Kingdom,135891
1484,Dark_Alley92,Canada,72189
1485,brudgemiyth,United States,56947
1486,Titan50,United Kingdom,284908
1487,sarbailey,United States,45839
1488,n3cromung3r,,95352
1489,tofu001,United States,53224
1490,trevorlouw,,16333
1491,totemajazz,Turks and Caicos Islands,260371
1492,JazzyUh_,Italy,52677
1493,UKNJ,United Kingdom,118740
1494,rHiggo-cbs,South Africa,31164
1495,Oihfultower,Netherlands,10
1496,Pharamp,Germany,40737
1497,psychosemitic,Finland,50131
1498,KenyansRunFast,United States,94217
1499,Chiaroscurist,,202484
1500,Music_Geek,South Africa,180658
1501,hguthrie,Germany,42768
1502,Eyrion,Argentina,123822
1503,rosaelefant,Sweden,133566
1504,paulhmull,,20258
1505,Virginie84,France,15525
1506,xoif,,19842
1507,phorque,United Kingdom,126336
1508,eightkmfromlake,Serbia,3836
1509,eeark,United Kingdom,41670
1510,durfdurf,,58664
1511,ThePeoplesPoet,Australia,76928
1512,lauragz,Bahamas,64466
1513,bive,Indonesia,113438
1514,logicalsuicide,,196684
1515,SyrFox,France,210448
1516,birtuoz,Serbia,75942
1517,Joedouken,United Kingdom,146947
1518,miss-Cynical,,40747
1519,mecha51,,27454
1520,Kojima-san,Japan,33756
1521,flosca,Russian Federation,19500
1522,roofy85,Canada,130327
1523,SenorDroolcup,United Kingdom,23738
1524,MrRADiationKing,Germany,87751
1525,omgphone,United States,64925
1526,jlunardini13,,96312
1527,theneedledrop,United States,85168
1528,marucru,,20719
1529,jebego,United States,21912
1530,estui,United States,7151
1531,cyberkode,United States,77807
1532,Mr_Merriweather,United States,31157
1533,Batty_,Spain,95003
1534,nsandborn,,25323
1535,abbyschofield,United Kingdom,156769
1536,flofenstein,,10401
1537,JiveTurkey53,Canada,160545
1538,MeAndLazarus,United States,38566
1539,DoktorZapp,Norway,108527
1540,MellowHard,United States,64399
1541,AlaTis-BnT,Netherlands,128802
1542,Srxjer,United Kingdom,47103
1543,andyisme911,United States,28299
1544,mattgee725,United States,247474
1545,WiseSan,United Kingdom,38260
1546,macchina50,United States,46385
1547,DiscoBoxyBROwn,United States,33817
1548,asasasf,Antigua and Barbuda,8242
1549,MotelMan,United States,88960
1550,PinstripePiano,United States,24396
1551,BasedOm,United States,30534
1552,SGTarenz,,103275
1553,R0WR0W,United States,31413
1554,hallflukai,,50178
1555,patillos,United States,31381
1556,Myrista,,44989
1557,ahmhappehplz,United States,26962
1558,JohnSockolov,United States,16844
1559,silverhawk79,United States,124759
1560,GingerOs27,United States,18259
1561,stay-lifted,United States,75387
1562,DynamiteKyle,United States,108211
1563,ColonVee,United States,26482
1564,DukePrunes,United States,6158
1565,BWOOOO,Canada,47817
1566,Abello966,,22952
1567,ThierryBMTF,United States,13582
1568,mixedresults,,149631
1569,winrawrs,,93383
1570,NeoSkeith,,153633
1571,Wilmerincognito,Sierra Leone,106199
1572,jamey4cottondp,,1839
1573,str8edgemike,United States,23647
1574,Count_Odd,United States,39178
1575,Radical_Larry,Germany,63570
1576,JamOfALifetime,United States,38252
1577,silllence,Netherlands Antilles,62942
1578,iduncurr,United States,33026
1579,NinjaTravisLee,United States,6828
1580,david-oster,United States,5759
1581,DrunkDorianGray,Argentina,24927
1582,MIKE_TV_420,United States,21628
1583,dodgyeyesight,United States,63460
1584,MidnightSnackz,Germany,20908
1585,bellyfeel,United States,39189
1586,hektor441,Italy,79942
1587,zeroatoms,Bulgaria,94021
1588,smallchange,United States,14636
1589,ChookaParker,,0
1590,POtheYHVH,Portugal,4695
1591,sumidiotdude,United States,131984
1592,Vandelay1,Germany,152470
1593,binglejilly,United Kingdom,19515
1594,GackTMN,United States,85277
1595,Izin2296,Australia,34399
1596,Barrinoo,Switzerland,77318
1597,JazzHannz,Denmark,75717
1598,Moto557si,United States,77661
1599,abc-123_xyw-789,,321
1600,gsp_xer0x,United States,95013
1601,frowning_rectum,Canada,85940
1602,pretty_cherry,,509
1603,Cryptogramofone,United States,22673
1604,listeningiseasy,United Kingdom,58754
1605,inaction-,United States,3648
1606,notoriouscas,United States,92933
1607,howsuperficial,United States,23656
1608,dogfractal,Canada,6109
1609,TurtleEdge,United States,39107
1610,matt1337c,United States,106737
1611,DefaultCity,United States,197522
1612,djb1993djb,United States,109621
1613,GodzPizzaman,Canada,28880
1614,quadrennial,,26069
1615,Milktellem,Netherlands,37145
1616,theperfectohai,United States,80669
1617,punkbiskit,United States,15936
1618,OpenTub,United States,58518
1619,Skribblah,United Kingdom,24765
1620,wutututut,United States,10227
1621,Nfelto,Australia,72680
1622,paulwithap,United States,44056
1623,Diokatsu,United States,10735
1624,therealjulius,Canada,115485
1625,doorknob1112,United States,28558
1626,Hamsbaby,Canada,14521
1627,Dalith911,United States,42591
1628,SpleenxFiend,United States,90176
1629,darleenkitten,,7128
1630,eSedeeRRe,,166077
1631,Clasking,Chile,197131
1632,CosmicLust,Mexico,40506
1633,ecstasyRUSH,Sweden,123218
1634,dannyasher,,38128
1635,ziezior,Poland,177315
1636,threchichech,Canada,56441
1637,burekkocatto,Italy,6219
1638,okukbill,United Kingdom,13758
1639,jannuhat,Finland,57328
1640,jackflamel,Argentina,528
1641,caniszirtami,,529
1642,umadaay,Brazil,1879
1643,nchase,United States,227485
1644,geep44,Portugal,52341
1645,ysgplz,Turkey,12214
1646,hannechristine,Norway,125512
1647,danfolkes,United States,51616
1648,racdale,,70030
1649,Fanciful_,Finland,98646
1650,Oryza-,Czech Republic,58523
1651,BasicBurnKiller,,274
1652,Bowlly703,United States,63966
1653,kentonishimatsu,Japan,17552
1654,december333111,United States,1921
1655,DavidVSoho,Italy,62559
1656,noisybishop,,235327
1657,TheLeonardo,,2984
1658,CursedZephyr,Turkey,121381
1659,firesatmidnight,United States,39053
1660,ThemisNyx,,76414
1661,luizante,Brazil,110
1662,katy-kovaleva,,71370
1663,DangerousCake,,29571
1664,yuki-doll,United Kingdom,33270
1665,hmpaterson,United Kingdom,16122
1666,Scream132,Romania,22839
1667,EBM_Empire,United States,46158
1668,alosel,United Kingdom,94707
1669,MacedoAnaFlora,Brazil,35323
1670,DogToffee,Finland,30161
1671,drunkrabbutt,,11078
1672,kdstarrlite,,3116
1673,Da_Zhuang,United States,70798
1674,MocchaVanilla,Poland,119877
1675,daligagger,United States,137577
1676,rustyhook100,United States,8154
1677,azure17,United States,52338
1678,HustleBoness,United Kingdom,858
1679,BindTortureIll,,39161
1680,daa-lmb,Italy,16768
1681,ericazucco,United States,3715
1682,cranium_case,United States,13793
1683,IteImJames,United Kingdom,77637
1684,rapka,United States,72452
1685,josephsmusic,,110482
1686,daylyn2,,18917
1687,kirbytrooper,United States,39723
1688,AlbumMinusBand,United States,91954
1689,TravestyHelp,,59000
1690,stupender,United States,36334
1691,AtomicJake,United States,127029
1692,fesselball,United States,29446
1693,Superfullchill,Canada,10008
1694,The_Amani,United States,69439
1695,stevehasaface,United States,42296
1696,johnnykevlar,United States,66983
1697,LOLWUTABURGER,United States,98210
1698,nattie_light,United States,7695
1699,Loligagging,United States,33590
1700,jeffgun,,57234
1701,golaniy,Israel,3953
1702,TursakeX,Finland,104781
1703,Sennton,Australia,15103
1704,silkwormsea,United States,28716
1705,Br4dy,Australia,88173
1706,GenericMagnetic,Holy See (Vatican City State),138026
1707,vaughan111,United Kingdom,53520
1708,Mowah-,,26992
1709,lolbuntu,Germany,81122
1710,ShortShorts101,United States,39217
1711,Jacob___,United States,27762
1712,butnotalexander,,27505
1713,exoticfall,United States,68955
1714,LordPassion,United States,34894
1715,Pseudo-Bread,United Kingdom,36027
1716,Afterburner86,United States,17017
1717,rayymonstarr,United States,62322
1718,SentientAfro,United States,12445
1719,honman1,United Kingdom,54269
1720,Trehearne,Canada,36845
1721,gugaacdc,Brazil,169014
1722,MilesBachman,United States,246256
1723,Marty_Loup,United States,5746
1724,RealAppleNick,,69722
1725,harveypekar78,Argentina,72647
1726,TWoodo,Brazil,82898
1727,SpinalHelix,Russian Federation,115099
1728,Radioheadhead15,United States,14680
1729,rogerjazzfan,Brazil,119157
1730,memy__,United States,9249
1731,TricolorTVKazan,,0
1732,flowwwz,United States,51982
1733,JudaBeatDroppa,United States,144282
1734,GreenGiantYum,,138008
1735,easymagic,United States,19956
1736,EriksTrip,Canada,30885
1737,Rodrigo2703,Argentina,6063
1738,imma18,Argentina,48363
1739,Selenelion,United States,11838
1740,pulselikefever,Canada,26853
1741,clash3608,,1187
1742,artificialbox,,82493
1743,Noiseguy,United States,4840
1744,maddiealt,United States,2550
1745,Sklring,United States,22582
1746,l7ragonrider,United States,5992
1747,Avril95th,United Kingdom,25143
1748,StandrdToaster,United States,11844
1749,JonCracco,Brazil,10602
1750,KEVINCARES,United States,169493
1751,theforks,United States,46141
1752,agifgaehoiaghf,Australia,3493
1753,HipNorwegian,United States,54430
1754,nothsonles,United States,68843
1755,ghostberries,,3334
1756,upthepoox,United States,47839
1757,BurritoBob,United States,6783
1758,mquestionable,United States,180452
1759,Nzaaikvae,Argentina,53484
1760,MirageIsland,Papua New Guinea,145710
1761,MonkeysToe,,43498
1762,killfelix,United States,10636
1763,venomradios,,3951
1764,wizgard,United States,58950
1765,OrgansInMains,United Kingdom,34234
1766,embotthefembot,,27455
1767,mobassmo,,0
1768,Charbyy,United States,31688
1769,Necrowrath,United States,39776
1770,communisms,United States,68751
1771,nikait,United States,26868
1772,wcatdoor,United States,38163
1773,redmtal,United States,15695
1774,pushnudge,United States,1937
1775,Kamke,United States,1226
1776,rogueofmv,United States,66894
1777,doctorduk,United States,37818
1778,OG_VanillaBone,Albania,183201
1779,AnnaTheAnteater,United Kingdom,42044
1780,strutterf,Turkey,12088
1781,grepoli,United States,3276
1782,f3calmatter,United States,192989
1783,Ninja337,United States,83466
1784,QuietThings430,,143433
1785,Trelt,United States,80400
1786,Psychotik92,Canada,26552
1787,PolloMx,Mexico,46364
1788,WAD93,United States,5347
1789,thattubaguy,United States,52811
1790,KingKawaii,Canada,20083
1791,Mascadanator,United States,193012
1792,ethanriver7,United States,38977
1793,shawnathin94,United States,34729
1794,Ballacakes,United States,45363
1795,CiberIsra,Chile,19962
1796,Norkeh,Canada,126514
1797,boazoa,United States,703
1798,JonnyLULZ,United Kingdom,43581
1799,SituationN0rmal,United States,12510
1800,CKMetaLicca,,50736
1801,Fandangled,New Zealand,21567
1802,Rhapsodys,United States,101299
